Address,Aggravated assault,Arson,Burglary,Larceny,Murder,Robbery,Vehicle theft,Total
0 block Townsend St S,,,,1,,,,1
0 block Academy Green,,,1,,,,,1
0 block Baker Av,1,,,,,,,1
0 block Bear St,,1,,,,,,1
0 block Beattie St,,,,,,,1,1
0 block Bellevue Ave,1,,,,,,,1
0 block Bradford Ct,1,,,,,,,1
0 block Brattle Rd,,,1,,,,,1
0 block Burnet Park Dr,,,,,,,1,1
0 block Cannon St,1,,,,,,,1
0 block Catherine St,1,,,,,,,1
0 block Centennial Dr,1,,1,3,,,1,6
0 block Childrens Cir,,,,1,,,,1
0 block Clinton St,,,,1,,,,1
0 block Comstock Av,,,,,,1,,1
0 block Corcoran Ct,,,,2,,,,2
0 block Costello Ct,1,,,,,,,1
0 block Crawford Av,,,,1,,,,1
0 block Dablon Ct,,,,,,1,,1
0 block Delaware St,,,,,,,1,1
0 block Destiny Usa Dr,4,,17,434,,9,2,466
0 block Dupli Park Dr,,,,1,,,,1
0 block Taylor St E,,,,1,,,,1
0 block Elmhurst Av,,,1,,,,,1
0 block Hatch St,,,,,,,1,1
0 block Hawley Av,,,,1,,,,1
0 block Hiawatha Blvd N,,,,1,,,,1
0 block Highland St,,,,1,,,,1
0 block Hopper Rd,1,,,,,,,1
0 block James Heath Rd,,,,1,,,,1
0 block Kenmore Av,,1,,,,,,1
0 block Kingsley Pl,,,,1,,,,1
0 block Kirk Park Dr,1,,,,,,,1
0 block Lawrence St,,,,,,1,,1
0 block Marshall St,1,,,1,,,,2
0 block Mertens Av,,,,1,,,,1
0 block Midland Av,,,,,,,1,1
0 block Nb West St,,,,1,,,,1
0 block Northcliffe Rd,,,,1,,,,1
0 block Nursery Ln,,,,,,,1,1
0 block Onondaga Av,1,,,,,,,1
0 block Onondaga Creek Walk,,,,,,1,,1
0 block Park And Lakeview Av,,,,,,1,,1
0 block Predential Plz,,,,1,,,,1
0 block Presidential Ct,,,7,,,,,7
0 block Presidential Plz,,,4,3,,,,7
0 block Robincroft Rd,,,,1,,,,1
0 block Geddes St S,,,,,,,1,1
0 block Salina St S,2,,,,,,,2
0 block State St S,1,,,,,,,1
0 block Schoeneck Ct,,,,,,,1,1
0 block Seymour St,,,,1,,,,1
0 block Shonnard St,1,,,,,,,1
0 block Spring St,1,,,,,,,1
0 block Stone Ct,,,1,,,,,1
0 block Unknown,4,,,1,,,1,6
0 block Village Dr,1,,,,,,,1
0 block Fayette St,,,,1,,,,1
0 block Onondaga St,,,,,,1,,1
0 block Pleasant Av,,,,,,,1,1
0 block Walsh Cir,,,,5,,1,,6
0 block Watertree Dr,,,,1,,,,1
0 block Weiser Ct,,,,,,,1,1
0 block Wellesley Rd,,,,1,,,,1
0 block Will Ct,1,,1,,,,,2
100 block Air Cargo Rd,,,,1,,,,1
100 block Albert Ter,,,,1,,,,1
100 block Alexander Av,,,,1,,,,1
100 block Alpine Dr,1,,,,,,,1
100 block Alton St,,,1,,,,,1
100 block Amherst Av,1,,,,,,,1
100 block Anderson Av,,,,1,,,,1
100 block Angelou Ter,1,,,2,,,,3
100 block Annetta St,,,1,,,,,1
100 block Archer Rd,,,,1,,,,1
100 block Armstrong Pl,1,,,2,,,,3
100 block Arnett Av,,,,1,,,,1
100 block Arnts Pl,,,,1,,,,1
100 block Arsenal Dr,,,1,,,,,1
100 block Ash St,,,,1,,,,1
100 block Avery Av,,,1,,,,,1
100 block Avon Rd,,,,1,,,,1
100 block Avondale Pl,,,2,,,,,2
100 block Baldwin Av,,,,1,,,,1
100 block Ball Cir,,,,1,,,,1
100 block Ballantyne Rd,3,,1,4,,1,,9
100 block Ballard Av,,,,2,,,,2
100 block Beattie St,,,1,1,,,1,3
100 block Becker St,,,2,,,,,2
100 block Beecher St,,,1,,,,,1
100 block Bellevue Av,,,,1,,1,,2
100 block Benedict Av,,,1,1,,,,2
100 block Berger Av,,,,1,,,1,2
100 block Berkeley Dr,,,,1,,,,1
100 block Berkshire Av,,,,2,,,,2
100 block Berwyn Av,,,,1,,,,1
100 block Bishop Av,,,,1,,,,1
100 block Blaine St,,,1,2,,,,3
100 block Blk Peters St,1,,,,,,,1
100 block Blossom Rd,,,1,1,,,,2
100 block Briggs St,,,1,,,,,1
100 block Bristol Pl,,,,1,,,,1
100 block Broad St,,,,1,,,,1
100 block Bronson St,,,1,,,,,1
100 block Brookford Rd,,,1,,,,,1
100 block Burnet Park Dr,,,1,,,,,1
100 block Burt St,,,,1,,,,1
100 block Cambridge St,,,,1,,,,1
100 block Camp Av,,,,,,1,,1
100 block Cannon St,,,1,,,,,1
100 block Carlisle St,,,,1,,,,1
100 block Centennial Dr,,,,1,,,,1
100 block Chaffee Av,1,,,,,,,1
100 block Chaffee Av  E,,,1,,,,,1
100 block Charmouth Dr,,,,,,,1,1
100 block Cheney St,,1,1,2,,1,,5
100 block Clairmonte Av,,,,,,,1,1
100 block Clarendon St,,,1,4,,,,5
100 block Clarke St,,,,1,,,,1
100 block Cleveland Av,,,,1,,1,,2
100 block Clifton Pl,,,,2,,,,2
100 block Clyde Av,,,,1,,,,1
100 block Colby Av,,,1,2,,,,3
100 block College Pl,,,1,,,,,1
100 block Commonwealth Av,1,,,,,,,1
100 block Comstock Av,,,1,3,,,,4
100 block Comstock Pl,,,2,1,,,1,4
100 block Concord Pl,,,,1,,,,1
100 block Conifer Dr,1,,,,,,,1
100 block Cook Av,,,,1,,,,1
100 block Coolidge Av,2,,2,1,,,,5
100 block Cordova St,,,1,,,,,1
100 block Cortland Av,1,,,,,1,,2
100 block Cortland Pl,1,,,,,,,1
100 block Court Ter,,,,1,,,,1
100 block Craton St,,,,1,,,,1
100 block Crawford Av,,,,1,,,,1
100 block Cresline Dr,,,,2,,,,2
100 block Croly St,4,1,1,3,,,1,10
100 block Croton Ter,,,1,,,,,1
100 block Crouse Dr,,,,1,,,,1
100 block Crysler St,,,,1,,,,1
100 block Culbert St,1,,1,2,,,,4
100 block Curtis St,,,,1,,,,1
100 block Dablon Ct,3,,1,3,,,1,8
100 block Daisy St,,,,1,,,,1
100 block Dakin St,,,,1,,,,1
100 block Dale St,,,,1,,,,1
100 block Danforth Ter,,1,,,,,,1
100 block Darlington Rd,,,,2,,,,2
100 block Davis St,1,,,,,,1,2
100 block Dearborn Pl,2,,3,2,,,,7
100 block Delaware St,,,2,1,,,1,4
100 block Delong Av,2,,1,1,,,,4
100 block Delray Av,,,,1,,,,1
100 block Depalma Av,,,,1,,1,,2
100 block Dewey Av,,,,1,,,,1
100 block Dewitt St,,,,1,,,,1
100 block Dickerson St,8,,,15,,8,,31
100 block Didama St,,,1,,,,,1
100 block Doll Pkwy,,,,2,,,,2
100 block Doroty St,,,,1,,,,1
100 block Duane St,,,,1,,,,1
100 block Dudley St,,,,,,,3,3
100 block Durston Av,,,1,2,,,,3
100 block Dyer Ct,2,,,,,,,2
100 block Beard Av E,,,,1,,,,1
100 block Bissell St E,2,,2,3,,,1,8
100 block Borden Av E,,,,1,,,,1
100 block Brighton Av E,1,,1,,,,,2
100 block Cheltenham Rd E,,,1,,,,,1
100 block Colvin St E,1,,,1,,,,2
100 block Corning Av E,1,,,,,,,1
100 block Fayette St E,,,,1,,,1,2
100 block Genesee Pkwy E,,,,,,,1,1
100 block Genesee St E,,,,1,,,,1
100 block Jefferson St E,,,1,,,1,1,3
100 block Kennedy St E,2,,1,4,,,,7
100 block Lafayette Av E,,,1,1,,,,2
100 block Matson Av E,,,,1,,,,1
100 block Onondaga St E,,,,7,,,,7
100 block Raynor Av E,,,,,,1,,1
100 block Raynor St E,,,,1,,,,1
100 block Seneca Tpke E,,,,1,,,,1
100 block Warrington Av E,,,,1,,,,1
100 block Warrington Rd E,,,,1,,,,1
100 block Washington St E,,,,2,,,,2
100 block Water St E,1,,,3,,,,4
100 block East Av,,,1,1,,,,2
100 block Eastman Av,,,,,,,1,1
100 block Edison St,,,1,,,,,1
100 block Edmund Av,,,1,1,,,,2
100 block Edna Rd,,,3,,,,,3
100 block Edtim Rd,,,3,1,,,1,5
100 block Elizabeth Blackwell St,,,,1,,,,1
100 block Elk St,,,,,,,1,1
100 block Elliott St,,,,1,,,,1
100 block Elmhurst Av,1,,,3,,,,4
100 block Elmwood Av,,1,,,,,,1
100 block Eloise Ter,,,1,1,,,,2
100 block Elsner St,,,1,,,,,1
100 block Emerson Av,,,,2,,,,2
100 block Erickson St,,,,1,,,,1
100 block Erie Blvd E,,,,1,,,,1
100 block Ethel St,,,1,,,,,1
100 block Eureka St,,,,3,,,1,4
100 block Fage Av,,,1,,,1,,2
100 block Fairview Av,,,1,,,,,1
100 block Feigel Av,,,,1,,,,1
100 block Fellows Av,,,,5,,,,5
100 block Fenton St,,,1,1,,,1,3
100 block Fenway Dr,,,1,1,,,,2
100 block Fernwood Av,3,,1,1,,1,,6
100 block Fillmore Av,1,,1,,,,,2
100 block Fiscoe Av,,,,1,,,,1
100 block Fish Av,,,,1,,,,1
100 block Fobes Av,1,,,,,,1,2
100 block Ford Av,1,,,,,1,,2
100 block Fordham Rd,,,,1,,,2,3
100 block Frisbie Ct,1,,,1,,,1,3
100 block Furman St,,,1,1,,,,2
100 block Genesee Park Dr,,,,1,,,,1
100 block Gertrude St,1,,,2,,,,3
100 block Gifford Pkwy,,,1,,,,,1
100 block Gifford St,2,1,,,,,,3
100 block Glahn Av,,,,,,,1,1
100 block Glenwood Av,1,,,,,,,1
100 block Goodrich Av,,,,1,,,,1
100 block Gordon Av,,,,,,,1,1
100 block Gorland Av,,,1,,,,,1
100 block Grace St,,,1,,,,1,2
100 block Grand Av,,1,2,,,,,3
100 block Granger St,1,,,,,,,1
100 block Grant Av,,,1,,,,1,2
100 block Grassman Av,1,,1,,,,,2
100 block Graves St,,,,1,,,,1
100 block Gray Av,,,,1,,,,1
100 block Green St,,,1,1,,,1,3
100 block Greenland Dr,,,1,1,,,,2
100 block Griffin St,,,,1,,,,1
100 block Griffiths St,1,,,1,,3,,5
100 block Grove St,,,,,,,1,1
100 block Haffenden Rd,,,,1,,,,1
100 block Hampshire Rd,,,,1,,,,1
100 block Hampton Rd,,,,1,,,,1
100 block Hancock Dr,,,,,,,1,1
100 block Harbor St,,,,2,,,,2
100 block Harborside Dr,,,,1,,,,1
100 block Harding St,,,,1,,,,1
100 block Harrison Pl,,,,1,,,,1
100 block Harrison St,,,,1,,,,1
100 block Hartson St,2,,1,2,,1,,6
100 block Harwood Av,,,,2,,,,2
100 block Hastings Pl,,,,1,,,,1
100 block Hatch St,,,,,,,2,2
100 block Hatherly Rd,,,,1,,,,1
100 block Hawley Av,1,,,,,,,1
100 block Hayden Av,,,,1,,,,1
100 block Headson Dr,,,,2,,,,2
100 block Helen St,,,1,,,,,1
100 block Henry St,,,,3,,,,3
100 block Herbert St,1,,,,,,,1
100 block Herbst St,1,,,,,,,1
100 block Herkimer St,,,,1,,,,1
100 block Herriman St,,,,1,,,,1
100 block Hertford St,,,,1,,,,1
100 block Herz St,,,,3,,,,3
100 block Hickock Av,,,1,,,,,1
100 block Hickok Av,,,,1,,,,1
100 block Hier Av,,,1,,,,,1
100 block Highland Av,1,,,2,,,,3
100 block Hillsdale Av,,,1,,,,,1
100 block Hixson Av,,,,1,,,,1
100 block Hobart Av,,,,1,,,,1
100 block Holden St,,,,1,,,1,2
100 block Holland St,1,,1,,,,,2
100 block Homecroft Av,,,,1,,,,1
100 block Hood Av,,,,1,,,1,2
100 block Hope Av,,,1,1,,,,2
100 block Hopper Rd,,,,1,,,,1
100 block Houston Av,,,,1,,,,1
100 block Hudson Av,1,,,,,,,1
100 block Hudson St,1,,1,1,,,,3
100 block Hunter Av,1,,,,,,,1
100 block Huntley St,,,,1,,,,1
100 block Hurlburt Rd,,,,1,,,,1
100 block Huron St,,,1,,,,,1
100 block Interpid Ln,,,,1,,,,1
100 block Intrepid Ln,,,1,,,,,1
100 block Isabella St,,,1,,,,,1
100 block Ivy Ridge Rd,1,,,,,,,1
100 block Jaclyn Dr,,,,1,,,,1
100 block Jamesville Av,,,1,3,,,,4
100 block Janet Dr,,,,1,,,,1
100 block Jasper Pl,,,1,,,,,1
100 block Jasper St,,,,2,,1,1,4
100 block John St,1,,6,6,,,1,14
100 block Josephine St,,,,1,,1,,2
100 block Kappesser St,1,,,1,,,,2
100 block Keen Pl,,,1,,,,,1
100 block Kellogg St,,,2,2,,,,4
100 block Kenmore Av,,,1,,,,,1
100 block Kensington Rd,,,,1,,,,1
100 block Kenwood Av,,,1,,,,,1
100 block Kimber Av,,,,1,,,1,2
100 block Kincaid Av,,,,1,,,,1
100 block Kirk Av,,,,1,,,,1
100 block Kuhl Av,,,,1,,,,1
100 block Lafayette Rd,,,8,10,,,,18
100 block Lakeview Av,2,,3,1,,1,,7
100 block Latimer Ter,,,,2,,,,2
100 block Latter Dr,,,1,,,,,1
100 block Lawrence St,,,1,2,,,1,4
100 block Leavenworth Av,,,,1,,,,1
100 block Lewis St,,,1,,,,,1
100 block Lexington Av,,,,2,,,,2
100 block Light Ct,1,,,1,,,,2
100 block Lilac St,,,2,,,,1,3
100 block Lillian Av,,,1,,,,,1
100 block Lincoln Av,,,,1,,,,1
100 block Lindwell Ter,1,,,,,,,1
100 block Linwell Ter,,,1,1,,,,2
100 block Linwill Ter,,,2,,,,,2
100 block Lodi St,1,,,,,,,1
100 block Loehr Av,1,,,,,,,1
100 block Loma Av,,,,1,,,,1
100 block Lorraine Av,,,1,,,,,1
100 block Luddington St,,,,2,,,,2
100 block Lynn Cir,,,2,1,,,,3
100 block Lynwood Av,,,,1,,,1,2
100 block Madison St,,,,2,,,,2
100 block Mains Av,,,,,,,1,1
100 block Manilla St,,,,1,,,,1
100 block Manor Dr,,,,1,,,,1
100 block Maple Ter,1,,1,,,,,2
100 block Maplehurst Av,,,,2,,,,2
100 block Maplewood Av,,,2,1,,,,3
100 block Marjorie St,,,1,,,,,1
100 block Mark Av,,,1,1,,,,2
100 block Markland Av,,,1,,,,,1
100 block Marlborough Rd,,,1,,,,,1
100 block Marshall St,1,,,8,,,1,10
100 block Martin Luther King  W,1,,1,,,,,2
100 block Mary St,3,,1,4,,,,8
100 block Mather St,1,1,1,2,,,1,6
100 block Maurice Av,1,,2,3,,,,6
100 block Maxwell Av,,,1,,,,,1
100 block Mayar St,,,1,1,,,,2
100 block Mcallister Av,,,1,2,,1,,4
100 block Mcclure Av,1,,,,,,,1
100 block Mccormick Av,,,,2,,,,2
100 block Mclennan Av,,,,1,,,,1
100 block Meadowbrook Dr,,,1,1,,,,2
100 block Medora Pl,,,1,,,,,1
100 block Melbourne Av,,,2,1,,,,3
100 block Merrill St,,,1,,,,,1
100 block Merriman Av,,,3,4,,3,,10
100 block Merritt Av,1,,1,,,,,2
100 block Michaels Av,,,,2,,,,2
100 block Milburn Dr,,,,1,,,,1
100 block Mildred Av,,,,1,,,,1
100 block Miles Av,,,1,3,,,,4
100 block Milford Ct,,,,1,,,,1
100 block Milnor Av,1,,,,,,,1
100 block Minerva St,1,,,2,,,,3
100 block Monroe St,,,,,,,1,1
100 block Montgomery St,,,,4,,2,,6
100 block Monticello Dr,,,1,,,,,1
100 block Monticello Dr  S,,,,1,,,,1
100 block Mosley Dr,,,2,,,,,2
100 block Murray Av,1,,1,1,,,1,4
100 block Collingwood Av N,,,,2,,,,2
100 block Edwards Av N,,,,2,,,,2
100 block Geddes St N,1,,1,1,,,1,4
100 block Lorraine Av N,,,,1,,,,1
100 block Lowell Av N,,,,2,,,,2
100 block Midler Av N,1,,,1,,,,2
100 block Salina St N,,,,3,,,1,4
100 block Townsend Pl N,,,1,,,,,1
100 block Townsend St N,,,,1,,,,1
100 block Wilbur Av N,,,1,,,,,1
100 block Nelson St,3,,2,1,,,,6
100 block Neutral Ct,1,,1,,,,,2
100 block New St,,,,4,,,,4
100 block Newbury Hollow Ln,,,,3,,,,3
100 block Nichols Av,,,,3,,,,3
100 block Niven St,,,,1,,,,1
100 block Normanor Dr,,,,2,,,,2
100 block Northcliffe Rd,,,,,,,1,1
100 block Oak Pl,,,,1,,,,1
100 block Oak St,3,,1,,,,,4
100 block Oakwood Av,,,,1,,,,1
100 block Onondaga Av,,,,2,,,,2
100 block Onondaga St,,,,1,,,,1
100 block Otisco St,,,,1,,,,1
100 block Park Av,,,1,,,,,1
100 block Park St,,,1,,,,,1
100 block Parkside Av,,,1,1,,,,2
100 block Parkview Av,,,,1,,,,1
100 block Parkway Dr,,,2,,,,,2
100 block Paul Av,,,,2,,,,2
100 block Peck Av,,,,3,,,1,4
100 block Penta Dr,1,,,,,,,1
100 block Pershing Av,,,,1,,,,1
100 block Peters St,,,,2,,1,,3
100 block Pharis St,,,1,,,,,1
100 block Phillips Rd,1,,,,,,,1
100 block Pleasantview Av,,,,2,,,,2
100 block Plum St,,,,1,,,,1
100 block Plymouth Dr,,,,2,,,,2
100 block Polk St,1,,1,4,,,,6
100 block Pond St,,,,,,1,,1
100 block Putnam St,1,,,,,,,1
100 block Radisson Ct,1,,1,,,,,2
100 block Raymond Av,,,1,,,,,1
100 block Redfield Pl,,,,2,,,,2
100 block Reed Av,,,1,,,,,1
100 block Remington Av,,,2,3,,,1,6
100 block Richardson Av,1,,1,3,,,,5
100 block Richmond Av,,,,1,,,,1
100 block Ridgeway Av,,,1,1,,,,2
100 block Rigi Av,,,,1,,,,1
100 block Riverdale Dr,2,,1,1,,1,,5
100 block Roberts Av,,,,2,,,,2
100 block Robinson St,,,1,,,,,1
100 block Rockland Av,,,1,,,,,1
100 block Rockwood Rd,,,,1,,,,1
100 block Roney Ln,3,2,6,4,,,1,16
100 block Roney Rd,1,,,,,,,1
100 block Roosevelt Av,,,1,2,,,,3
100 block Rosemont Dr,,,1,,,,,1
100 block Ross Park Dr,,,,1,,,,1
100 block Ross Pk,,,1,1,,,,2
100 block Rugby Rd,,,1,2,,,,3
100 block Russell Pl,,,,1,,,,1
100 block Beech St S,1,,,,,,,1
100 block Carbon St S,,,2,,,1,,3
100 block Clinton St S,,,,1,,,,1
100 block Collingwood Av S,1,,2,,,,1,4
100 block Crouse Av S,,,,1,,,,1
100 block Edwards Av S,,,1,1,,,,2
100 block Lowell Av S,,,,2,,1,,3
100 block Midler Av S,,,,1,,,,1
100 block Warren St S,,,2,1,,,,3
100 block Sabine St,,,,,,1,2,3
100 block Schiller Av,,,,1,,,,1
100 block Schiller Park Dr,,,,1,,,,1
100 block Schneider St,,,3,2,,,,5
100 block Schoeneck Av,,,,1,,,,1
100 block Schuler St,1,,1,,,,,2
100 block Searlwyn Av,,,,,,,1,1
100 block Second North St,,,1,2,,,,3
100 block Sedgewick Dr,,,,2,,,,2
100 block Sedgewick Rd,,,,1,,,,1
100 block Sedgwick Dr,,,,2,,,,2
100 block Sedgwick Rd,,,,,,,1,1
100 block Seeley Av,,,,1,,,,1
100 block Seeley Rd,,,,1,,,,1
100 block Seneca Dr,,,1,,,,,1
100 block Seventh North St,1,,,,,,,1
100 block Seventh North St,,,1,,,,,1
100 block Seward St,,,,2,,,,2
100 block Seymour St,,,,2,,,,2
100 block Shirley Rd,,,,2,,,,2
100 block Shonnard St,,,1,,,,,1
100 block Shop City Plz,,,,1,,,,1
100 block Shotwell Pk,,,1,1,,,,2
100 block Sidman Av,,,,1,,,,1
100 block Simon Dr,,,,6,,,,6
100 block Slayton Av,,,,1,,,,1
100 block Smith Ln,1,1,,5,,,,7
100 block Smith Rd,,,1,1,,,,2
100 block Snell Ter,,,,1,,,,1
100 block Solar St,,,,3,,,,3
100 block South Av,1,,,1,,,,2
100 block Spring St,1,,1,,,1,,3
100 block St Anne Dr,,,,1,,,,1
100 block St Louis Av,,,,5,,,,5
100 block Stafford Av,,,1,1,,,,2
100 block State Fair Blvd,,,,1,,,,1
100 block Stedman St,,,1,,,,,1
100 block Steuben St,4,,3,1,,1,1,10
100 block Stewart Ct,,,,1,,,,1
100 block Stinard Av,,,,1,,,1,2
100 block Strathmore Dr,,,,1,,,,1
100 block Strong Av,,,,1,,,,1
100 block Sunrise Dr,,,1,1,,,,2
100 block Sunset Av,,,,2,,,,2
100 block Sunstruck Dr,,,,,,,1,1
100 block Syracuse St,,,,1,,,,1
100 block Temple Pl,,,1,1,,,,2
100 block Tennyson Av,,,1,1,,,,2
100 block Thurlow Dr,,,,1,,,,1
100 block Tioga St,,,,,,1,,1
100 block Titus Al,,,1,,,,,1
100 block Townsend Pl,,,1,,,,,1
100 block Tracy St,,,,1,,,,1
100 block Trinity Pl,,,,1,,,,1
100 block Truth Ter,1,,,,,,,1
100 block Tyler Ct,,,,1,,,,1
100 block Upland Rd,,,,1,,,,1
100 block Vale St,,,,,,1,,1
100 block Valley Dr,,,,8,,1,1,10
100 block Valley View Dr,,,1,,,,,1
100 block Van Rensselaer St,,,,1,,,,1
100 block Vann St,,,,1,,,,1
100 block Victoria Pl,,,1,1,,,,2
100 block Village Dr,,,,3,,,,3
100 block Villiage Dr,1,,,,,,,1
100 block Vincent St,,,,1,,,,1
100 block Beard Av W,,,1,,,,,1
100 block Bissell St W,2,,2,,,,,4
100 block Calthrop Av W,,,1,,,,,1
100 block Colvin St W,,,,1,,,,1
100 block Corning Av W,,,,1,,1,,2
100 block Court St W,,,,,,,1,1
100 block Division St W,,,3,,,,,3
100 block Fayette St W,1,,,13,,1,,15
100 block Florence Av W,,,1,,,,,1
100 block Glen Av W,,,,2,,,,2
100 block Jefferson St W,,,,2,,,,2
100 block Kennedy St W,,,,1,,,,1
100 block Kirkpatrick St W,,,,1,,,,1
100 block Lafayette Av W,,,,1,,,,1
100 block Lafayette St W,,,,,,1,,1
100 block Lynhurst Av W,1,,2,,,,1,4
100 block Matson Av W,,,3,,,,,3
100 block Newell St W,,,1,1,,,,2
100 block Onondaga St W,1,,,,,,,1
100 block Ostrander Av W,,,2,3,,,1,6
100 block Pleasant Av W,,,1,,,,,1
100 block Seneca Tpke W,,,,1,,,1,2
100 block Washington St W,,,,1,,,,1
100 block Wadsworth St,,,1,1,,,,2
100 block Wall St,,,1,1,,,,2
100 block Walrath Rd,,,2,,,,,2
100 block Walton St,1,,,6,,,,7
100 block Warham St,,,,,,1,,1
100 block Warner Av,,,,,,,1,1
100 block Washington Sq,,,,3,,,,3
100 block Wayne St,,,1,,,,,1
100 block Webster Av,,,,1,,,1,2
100 block Weiser Ct,1,,,1,,,,2
100 block Wellesley Rd,,,,1,,,,1
100 block Wendell Ter,,,,1,,,,1
100 block West End Dr,,,,1,,,,1
100 block Westminster Av,1,,,,,,,1
100 block White St,,,,1,,,,1
100 block Williams St,,,,,,1,,1
100 block Willis Av,,,,1,,,,1
100 block Wilmore Pl,,,,1,,,,1
100 block Wiman Av,1,,,2,,,,3
100 block Winding Ridge Rd,,,,1,,,,1
100 block Winsor Pl,,,,1,,,,1
100 block Wolf St,1,,1,,,,,2
100 block Wood Av,,,1,3,,,2,6
100 block Woodbine Av,,,,1,,,,1
100 block Woodruff Av,,,,,,1,,1
100 block Woodside Dr,,,1,,,,,1
100 block Worden Av,,,,1,,,1,2
100 block Xavier Cir,,,,1,,,,1
1000 block Avery Av,,,,1,,,,1
1000 block Bellevue Av,,,1,1,,,,2
1000 block Butternut St,1,,2,1,,,,4
1000 block Canal St,,,1,2,,,1,4
1000 block Carbon St,,,,,,1,1,2
1000 block Col Eileen Collins Blvd,,,,9,,,2,11
1000 block Court St,,,1,1,,,,2
1000 block Danforth St,,,,,,1,,1
1000 block Adams St E,,,,1,,,,1
1000 block Fayette St E,,,,1,,,,1
1000 block Genesee St E,,,,2,,,,2
1000 block Emerson Av,,1,,,,,,1
1000 block Erie Blvd E,,,2,,,,,2
1000 block First North St,,,,1,,,,1
1000 block Harrison St,,,3,1,,,,4
1000 block Highland Av,,,,1,,,,1
1000 block Highland St,2,,1,3,,,,6
1000 block Irving Av,,,,3,,,,3
1000 block Ivy Ridge Rd,,,1,,,,,1
1000 block James St,,,4,7,,1,2,14
1000 block Lancaster Av,,,1,1,,,1,3
1000 block Lodi St,1,,1,1,,,,3
1000 block Madison St,1,,3,3,,,,7
1000 block Meadowbrook Dr,,,,1,,,,1
1000 block Mertens Av,,,,1,,,,1
1000 block Midland Av,1,,,,,,,1
1000 block Milton Av,,,,1,,,1,2
1000 block Mcbride St N,,,2,,,,,2
1000 block State St N,,,1,,,,,1
1000 block Townsend St N,2,,1,,,,,3
1000 block Oak St,,,,2,,,,2
1000 block Park St,1,,,3,,,1,5
1000 block Pond St,,,1,1,,1,,3
1000 block Clinton St S,3,,,8,,2,,13
1000 block Geddes St S,,,2,1,,2,,5
1000 block Mcbride St S,1,,2,2,,,,5
1000 block Salina St S,,,1,,,,,1
1000 block Townsend St S,2,,,2,,,,4
1000 block Spring St,,,,,,1,,1
1000 block Sunnycrest Rd,,,,2,,,,2
1000 block Teall Av,,,,,,1,,1
1000 block Tyson Pl,,,2,2,,,,4
1000 block Union Pl,1,,,,,,,1
1000 block Valley Dr,,,1,,,,,1
1000 block Belden Av W,,,,2,,,,2
1000 block Fayette St W,,,1,1,,,,2
1000 block Genesee St W,1,,1,22,,,1,25
1000 block Genessee St W,,,,1,,,,1
1000 block Onondaga St W,2,,1,1,,,,4
1000 block Wadsworth St,,,,1,,,,1
1000 block Walnut Av,,,,1,,,,1
1000 block Westcott St,,,1,1,,,,2
1000 block Westmoreland Av,,,1,,,,,1
1000 block Willis Av,,,2,,,,,2
1000 block Wolf St,,,,1,,,,1
1100 block Avery Av,1,,,,,,,1
1100 block Ballantyne Rd,,,,1,,,,1
1100 block Bellevue Av,,,,2,,1,2,5
1100 block Butternut St,1,,1,2,,1,,5
1100 block Cannon St,3,,1,,,,,4
1100 block Carbon St,,,1,,,,1,2
1100 block Fayette St E,1,,1,1,,,,3
1100 block Genesee St E,,,,1,,,,1
1100 block Washington St E,,,,1,,,,1
1100 block Erie Blvd E,,,,2,,,,2
1100 block Erie Blvd W,,,,,,,1,1
1100 block First North St,,,,2,,,,2
1100 block Grant Blvd,,,1,,,,,1
1100 block James St,,,,3,,,,3
1100 block Kirkpatrick St,,,1,,,,,1
1100 block Lancaster Av,1,,,,,,,1
1100 block Lodi St,,,,1,,,,1
1100 block Madison St,,,3,,,,,3
1100 block Salina St N,1,,,15,,3,,19
1100 block Townsend St N,1,,,1,,,,2
1100 block Park St,,,2,4,,,,6
1100 block Geddes St S,,,,,,,1,1
1100 block Salina St S,,,,2,,,,2
1100 block Townsend St S,1,,,,,,,1
1100 block Salt Springs Rd,1,,,1,,,,2
1100 block South Av,1,,,,,,,1
1100 block Spring St,,,,2,,,,2
1100 block Sunnycrest Rd,,,,1,,,,1
1100 block Teal Av,1,,,,,,,1
1100 block Teall Av,1,,,2,,,,3
1100 block Belden Av W,,,1,1,,,2,4
1100 block Colvin St W,1,,2,1,,,,4
1100 block Genesee St W,,,1,1,,,,2
1100 block Onondaga St W,,,2,2,,,,4
1100 block Westcott St,1,,,,,,,1
1100 block Willis Av,,,,1,,,,1
1100 block Wolf St,,,1,1,,,,2
1200 block Almond St,,,,5,,,1,6
1200 block Avery Av,,,3,2,,,,5
1200 block Bellevue Av,,,1,,,,,1
1200 block Burnet Av,,,,1,,,2,3
1200 block Butternut St,1,,3,,,1,1,6
1200 block Fayette St E,1,,,1,,,,2
1200 block Genesee St E,,,,1,,,,1
1200 block First North St,1,,,,,,,1
1200 block Grant Blvd,,,2,,,,,2
1200 block Harrison St,,,4,5,,,1,10
1200 block Highland St,,,1,,,,,1
1200 block Ivy Ridge Rd,,,,1,,,,1
1200 block James St,,,1,,,,2,3
1200 block Lemoyne Av,,,,1,,,,1
1200 block Madison St,1,,4,3,,,,8
1200 block Midland Av,1,,,,,,,1
1200 block Milton Av,3,2,6,3,,1,,15
1200 block Salina St N,,,,2,,,,2
1200 block State St N,1,,3,,,1,,5
1200 block Park St,1,,,1,,1,1,4
1200 block Geddes St S,2,,,2,,1,,5
1200 block Salina St S,,,,1,,,,1
1200 block State St S,2,,,3,,,,5
1200 block Salt Springs Rd,,,,1,,,,1
1200 block South Av,2,,,6,,,,8
1200 block Spring St,,,1,,,,,1
1200 block Teall Av,,,,1,,,,1
1200 block Fayette St W,,,,,,,1,1
1200 block Genesee St W,,,,2,,,,2
1200 block Onondaga St W,,,,1,,,,1
1200 block Onondage St W,,,1,,,,,1
1200 block Westcott St,,,,1,,,,1
1200 block Willis Av,,,,1,,1,1,3
1200 block Wolf St,,,1,,,,,1
1300 block Bellevue Av,,,1,,,,,1
1300 block Burnet Av,,,3,,,,,3
1300 block Butternut St,3,,3,3,,2,1,12
1300 block Court St,,,,1,,,,1
1300 block Adams St E,,,1,4,,,,5
1300 block Fayette St E,,,,1,,2,,3
1300 block Genesee St E,,,2,,,,,2
1300 block Water St E,,,,1,,,,1
1300 block Erie Blvd W,,,1,,,,,1
1300 block Euclid Av,,,,2,,,,2
1300 block First North St,,,,2,,,,2
1300 block Grant Blvd,,,,1,,,,1
1300 block Highland St,1,,,,,,,1
1300 block Lancaster Av,,,,1,,,,1
1300 block Lodi St,,,,1,,,,1
1300 block Madison St,,,,1,,,,1
1300 block Midland Av,,,,,,,1,1
1300 block Salina St N,,,,1,,1,,2
1300 block Northcliff Rd,,,,1,,,,1
1300 block Oak St,,,,,,1,1,2
1300 block State St S,2,,,,,1,,3
1300 block Salt Springs Rd,,,,,,2,,2
1300 block Spring St,1,,,,,,,1
1300 block Stolp Av,,,1,,,,,1
1300 block Teall Av,,,,1,,,,1
1300 block Colvin St W,,,,1,,,,1
1300 block Fayette Sch W,,,,1,,,,1
1300 block Fayette St W,1,,,,,,,1
1300 block Onondaga St W,,,,1,,,,1
1300 block Willis Av,,,1,,,1,,2
1400 block Burnet Av,,,3,2,,,,5
1400 block Butternut St,1,,,,,,,1
1400 block Comstock Av,,,,,,,1,1
1400 block Fayette St E,,,,2,,,,2
1400 block Genesee St E,,,3,,,,,3
1400 block Washington St E,,,,1,,,,1
1400 block Euclid Av,,,1,,,,,1
1400 block Grant Blvd,,,,1,,,,1
1400 block Hawley Av,,,,1,,1,,2
1400 block Lemoyne Av,,,,,,1,,1
1400 block Lodi St,1,,,2,,,,3
1400 block Midland Av,1,,2,1,,1,1,6
1400 block Salina St N,1,,1,,,,,2
1400 block State St N,,,1,1,,,,2
1400 block Oak St,,,1,,,1,,2
1400 block Park St,,,,2,,,,2
1400 block Mcbride St S,,,,1,,,,1
1400 block Salina St S,3,,,7,,1,,11
1400 block State St S,2,,,,,,,2
1400 block Salt Springs Rd,,,,1,,,,1
1400 block Valley Dr,,,,1,,,,1
1400 block Colvin St W,,,,,,1,,1
1400 block Genesee St W,2,,,1,,,,3
1400 block Genseee St W,,,,1,,,,1
1500 block Bellevue Av,,,,2,,,,2
1500 block Burnet Av,,,,2,,,,2
1500 block Caleb Av,1,,,1,,,,2
1500 block Comstock Av,,,,1,,,,1
1500 block Fayette St E,,,,1,,,,1
1500 block Genesee St E,2,,1,2,,,,5
1500 block Glenwood Av,,,,1,,,,1
1500 block Ivy Ridge Rd,,,2,,,,,2
1500 block Lemoyne Av,,,,1,,,,1
1500 block Lodi St,,,2,2,,1,,5
1500 block Meadowbrook Dr,,,1,,,,,1
1500 block Midland Av,1,,,1,,,,2
1500 block Salina St N,,,,2,,1,1,4
1500 block State St N,,,,,,,1,1
1500 block Park St,,,1,,,,,1
1500 block Geddes St S,,,,3,,,,3
1500 block Salina St S,,,,,,1,,1
1500 block State St S,,,,2,,,,2
1500 block Salt Springs Rd,,,,1,,,,1
1500 block South Av,,,,1,,,,1
1500 block Spring St,1,,,,,,,1
1500 block Valley Dr,,,2,,,,,2
1500 block Genesee St W,,,1,4,,1,1,7
1500 block Onondaga St W,,,,2,,,,2
1600 block Bellevue Av,2,,,,,,1,3
1600 block Butternut St,,,1,,,,,1
1600 block Court St,,,,1,,1,,2
1600 block Fayette St E,,,,,,,1,1
1600 block Genesee St E,,,,,,1,,1
1600 block Erie Blvd E,,,1,6,,1,,8
1600 block Grant Blvd,,,3,2,,,,5
1600 block Hawley Av,,,,2,,,1,3
1600 block James St,,,1,3,,,,4
1600 block Lodi St,,,2,2,,,,4
1600 block Meadowbrook Dr,,,,1,,,,1
1600 block Salina St N,,,,1,,,,1
1600 block Park St,,,,3,,,,3
1600 block Geddes St S,,,,2,,1,,3
1600 block Saltsprings Rd,,,,1,,,,1
1600 block South Av,,,,2,,,,2
1600 block Spring St,,,1,1,,,1,3
1600 block Colvin St W,1,,,,,,1,2
1600 block Fayette St W,,,,1,,,,1
1600 block Genesee St W,2,,2,2,,,,6
1600 block Onondaga St W,,,,2,,,,2
1700 block Bellevue Av,,,1,,,,,1
1700 block Burnet Av,,,,,,1,,1
1700 block Butternut St,,,,1,,,,1
1700 block Erie Blvd E,,,,1,,,,1
1700 block Grant Blvd,,,,9,,,,9
1700 block Lodi St,,,1,,,1,,2
1700 block Meadowbrook Dr,,,1,2,,,,3
1700 block Salina St N,,,,3,,,,3
1700 block Park St,1,,,2,,,,3
1700 block Salina St S,,,1,2,,1,,4
1700 block State St S,,,1,,,,,1
1700 block Valley Dr,,,,1,,,,1
1700 block Onondaga St W,1,,2,1,,,,4
1800 block Bellevue Av,1,,1,,,,,2
1800 block Burnet Av,,,,3,,,,3
1800 block Butternut St,,,,,,1,,1
1800 block Fayette St E,2,1,1,4,,1,,9
1800 block Euclid Av,,,,1,,,,1
1800 block Grant Blvd,1,,1,2,,,,4
1800 block James St,,,,1,,,,1
1800 block Lodi St,,1,,1,,,,2
1800 block Midland Av,1,,1,1,,,,3
1800 block Salina St S,1,,,1,,,,2
1800 block State St S,,,2,,,1,,3
1800 block South Av,,,,1,,,,1
1800 block Teall Av,,,,1,,,,1
1800 block Fayette St W,,,,1,,,,1
1800 block Genesee St W,,,2,4,,,,6
1900 block Bellevue Av,,,,1,,,,1
1900 block Caleb Av,,,2,,,,,2
1900 block Fayette St E,1,,2,,,,,3
1900 block Genesee St E,,,4,,,,,4
1900 block Erie Blvd E,,,,2,,,,2
1900 block Euclid Av,,,,1,,,,1
1900 block Glenwood Av,,,1,2,,,,3
1900 block Grant Blvd,,,,2,,,,2
1900 block Salina St S,,1,,,,,,1
1900 block South Av,,,3,,,,,3
1900 block Valley Dr,,,1,1,,,,2
1900 block Fayette St W,1,,,1,,,,2
1900 block Genesee St W,,,2,1,,,1,4
200 block 8Th Av,,,,1,,,,1
200 block Academy Pl,,,1,1,,,,2
200 block Apple St,1,,,,,,,1
200 block Arch St,,,,1,,,,1
200 block Arden Dr,,,,1,,,,1
200 block Ardmore Rd,,,,1,,,,1
200 block Arlington Av,,,,2,,,,2
200 block Ash St,,,,1,,,,1
200 block Ashdale Av,1,,1,1,,,2,5
200 block Ashworth Pl,,,,1,,,,1
200 block Austin Av,,,,1,,,,1
200 block Avery Av,,,,1,,,,1
200 block Baker Av,,,,1,,,,1
200 block Ballantyne Rd,,,,1,,,,1
200 block Barrett St,3,,,1,,,,4
200 block Barrington Rd,,,,1,,,,1
200 block Basin St,,,2,1,,,,3
200 block Beattie St,,,,1,,1,1,3
200 block Beecher St,,,1,1,,,,2
200 block Bellevue Av,1,,,1,,,,2
200 block Bennington Dr,,,,2,,,1,3
200 block Berkeley Dr,,,,1,,,,1
200 block Boyden St,,,,1,,,,1
200 block Brampton Rd,,,,1,,,,1
200 block Brattle Rd,,,,3,,,,3
200 block Brookford Rd,,,,1,,,,1
200 block Brooklea Pl,,,,2,,,1,3
200 block Bruce St,,,,1,,,,1
200 block Bryant Av,,,1,1,,,,2
200 block Buckingham Av,,,1,,,,,1
200 block Burnet Av,,,,1,,,,1
200 block Cadwell St,,,,1,,,,1
200 block Caleb Av,,,,,,,1,1
200 block Cambridge St,,,,2,,,,2
200 block Cannon St,,,1,,,,,1
200 block Carbon St,,,4,1,,,,5
200 block Carlton Rd,,,,1,,,,1
200 block Catherine St,,,1,,,,,1
200 block Chaffee Av,,,,1,,,,1
200 block Chavez Ter,1,,,1,,,,2
200 block Chemung St,,,,1,,,,1
200 block Cherry St,1,,,,,,,1
200 block Clarendon St,,,2,1,,,,3
200 block Coleridge Av,,,1,1,,,,2
200 block Comstock Av,,,4,8,,,,12
200 block Comstock Pl,,,,1,,2,,3
200 block Congress Av,,,,,,,2,2
200 block Conklin Av,,,1,2,,,1,4
200 block Craddock St,,,1,1,,,,2
200 block Crafton Av,,,,1,,,,1
200 block Craton St,,,1,,,,,1
200 block Crippen Av,,,1,,,,,1
200 block Croly St,,,,,,,1,1
200 block Dale St,,,,1,,,,1
200 block Delhi St,,,,1,,1,,2
200 block Delray Av,,,,2,,,,2
200 block Demong Dr,,,1,,,,,1
200 block Dewitt Rd,,,1,,,,,1
200 block Dewitt St,,,,1,,,,1
200 block Dorchester Av,,,1,1,,,,2
200 block Douglas St,,,1,,,,,1
200 block Duane St,1,,,1,,,,2
200 block Durston Av,,,,1,,,,1
200 block Adams St E,,1,,,,,,1
200 block Belden Av E,1,,,,,,,1
200 block Cheltenham Rd E,,,1,,,,,1
200 block Fayette St E,,,,1,,,,1
200 block Genesee Pkwy E,,,,1,,,,1
200 block Jefferson St E,1,,1,2,,,,4
200 block Kennedy St E,,,,1,,,,1
200 block Onondaga St E,,,,,,,1,1
200 block Washington St E,,,,3,,,,3
200 block Water St E,,,1,2,,,1,4
200 block East Av,,,,,,,1,1
200 block Eldorado St,,,,1,,,,1
200 block Elsner St,,,,,,,1,1
200 block Empire Av,,,2,1,,,,3
200 block Erickson St,,,1,,,,,1
200 block Erie Blvd E,,,,1,,,,1
200 block Erie St,,,,1,,,,1
200 block Essex St,,,1,,,,,1
200 block Euclid Av,,,,1,,,,1
200 block Fayette Blvd,,,1,1,,,,2
200 block Fellows Av,,,,1,,,,1
200 block Fenway Dr,,,1,,,,1,2
200 block Fillmore Av,1,,,1,,,,2
200 block Fitch St,1,,1,1,,,,3
200 block Forest Av,,,1,1,,,,2
200 block Forest Hill Dr,,,,1,,,,1
200 block Furman St,1,,2,,,1,,4
200 block Garfield Av,1,,,,,,,1
200 block Genesee Park Dr,1,,1,,,,,2
200 block Gere Av,,,,1,,,,1
200 block Gertrude St,,,,1,,,,1
200 block Gifford Pkwy,,,,1,,,,1
200 block Gilbert Av,,,2,,,,,2
200 block Gilbert St,,,1,,,,,1
200 block Glenwood Av,,,,2,,,,2
200 block Goodrich Av,,,,1,,,,1
200 block Gordon Av,,,,2,,,,2
200 block Grand Av,1,,1,1,,,,3
200 block Graves St,,,,1,,,,1
200 block Green St,,,,1,,,,1
200 block Griffiths St,,,1,2,,,,3
200 block Grumbach Av,1,1,2,,,,2,6
200 block Hall Av,1,,1,,,,,2
200 block Hampton Rd,,,1,,,,,1
200 block Harding St,,,,1,,,,1
200 block Harriette Av,,,1,,,,,1
200 block Harrison St,,,,4,,,,4
200 block Hastings Pl,,,,1,,1,,2
200 block Hawley Av,,,,1,,,,1
200 block Hayden Av,,,,1,,,,1
200 block Hazelhurst Av,,,1,,,,,1
200 block Helen St,,,1,1,,,,2
200 block Herald Pl,,,1,6,,,,7
200 block Herbert St,,,1,2,,,,3
200 block Herbst St,,,,1,,,,1
200 block Herkimer St,,,1,2,,,,3
200 block Herriman St,,,1,1,,,1,3
200 block Hiawatha Blvd E,,,,,,,1,1
200 block Hiawatha Blvd W,,,,1,,,,1
200 block Hickok Av,,,,1,,,,1
200 block Hier Av,,,2,3,,,,5
200 block Hillsboro Pkwy,,,1,,,,,1
200 block Hillsdale Av,,,,1,,,,1
200 block Hillside Av,,,,1,,,,1
200 block Hoefler St,1,,,,,,,1
200 block Holland St,1,,,2,,,1,4
200 block Homecroft Rd,,,1,,,,,1
200 block Hood Av,,,1,,,,,1
200 block Hope Av,,,2,,,,,2
200 block Hubbell Av,,,1,,,,1,2
200 block Hudson St,,,,1,,,,1
200 block Hunt Av,,,1,2,,,,3
200 block Hurlburt Rd,,,2,,,,,2
200 block Hutchinson Av,,,,1,,,,1
200 block James St,,,,,,,1,1
200 block Jamesville Av,,,,1,,,,1
200 block Kellogg St,,,1,,,,,1
200 block Kenmore Av,,,2,1,,,,3
200 block Kimber Av,,,,1,,,,1
200 block Kirk Av,1,,1,,,,,2
200 block Kirkpatrick St,,,,,,,1,1
200 block Knaul St,,,,,,1,,1
200 block Lafayette Rd,1,,1,,,,,2
200 block Lakeview Av,,,1,1,,,,2
200 block Landon Av,1,,1,,,,,2
200 block Lemoyne Av,,,,1,,,1,2
200 block Lewiston Dr,,,,1,,,,1
200 block Lexington Av,,,,1,,,,1
200 block Lilac St,,,,1,,,,1
200 block Lillian Av,,,,1,,,,1
200 block Lime St,1,,,,,,,1
200 block Lincoln Av,2,,,1,,,,3
200 block Lockwood Rd,,,,1,,,,1
200 block Longmeadow Dr,,,,1,,,,1
200 block Loomis Av,,,1,,,,,1
200 block Lorraine Av,,,1,2,,,,3
200 block Magnolia St,1,,1,6,,,1,9
200 block Maplehurst Av,,,,1,,,,1
200 block Marguerite Av,,,,1,,,,1
200 block Mariposa St,,,,1,,,,1
200 block Marshall St,,,,1,,,,1
200 block Martin Luther King   W,,1,1,,,1,,3
200 block Mary St,,,1,,,,,1
200 block Massena St,,,,,,2,,2
200 block Mather St,1,,1,1,,,,3
200 block May Av,,,,1,,,,1
200 block Melbourne Av,,,2,,,,,2
200 block Merriman Av,2,1,1,2,,,1,7
200 block Milburn Av,,,,1,,,,1
200 block Milburn Dr,,,1,2,,,,3
200 block Miles Av,,,,1,,,,1
200 block Milford Dr,,,,1,,,,1
200 block Milton Av,,,,1,,,1,2
200 block Mlk   E,1,,,1,,,,2
200 block Montgomery St,,,,2,,,1,3
200 block Monticello Dr  N,,,1,,,,,1
200 block Moore Av,,,1,2,,,,3
200 block Mosley Dr,,,1,,,,1,2
200 block Mountainview Av,,,,,,,1,1
200 block Myrtle St,,,,1,,,,1
200 block Clinton St N,,,,1,,,1,2
200 block Crouse Av N,,,,1,,,,1
200 block Edwards Av N,,,3,1,,,,4
200 block Franklin St N,,,,1,,,,1
200 block Geddes St N,,,1,,,,,1
200 block Lowell Av N,,,,1,,,,1
200 block State St N,1,,2,10,,,,13
200 block Townsend St N,,,2,2,,,,4
200 block North Av,,,1,1,,,,2
200 block Norwood Av,,,1,,,,,1
200 block Oak St,,,1,,,,,1
200 block Oakwood Av,,,1,,,1,,2
200 block Oneida St,2,,,1,,,,3
200 block Onondaga Av,,,,,,,1,1
200 block Ostrom Av,,,2,2,,,,4
200 block Parkway Dr,,,,1,,,,1
200 block Pattison St,,,2,,,,,2
200 block Paul Av,,,,2,,,,2
200 block Plymouth Dr,,,2,,,,,2
200 block Primrose Av,,,,2,,,,2
200 block Pulaski St,,,1,,,,,1
200 block Putnam St,1,,2,,,,1,4
200 block Reed Av,,,,1,,,,1
200 block Ridgewood Dr,,,,1,,,,1
200 block Rigi Av,,,,1,,,,1
200 block Robert Dr,,,3,1,,,,4
200 block Roberts Dr,,,,1,,,,1
200 block Robineau Rd,,,,,,,1,1
200 block Rockland Av,,,1,,,,,1
200 block Ross Pk,,,,1,,,,1
200 block Rowland St,1,,,1,,,1,3
200 block Roxbury Rd,,,,1,,,,1
200 block Rugby Rd,,,,1,,1,,2
200 block Beech St S,,,1,,,,,1
200 block Collingwood Av S,,,1,1,,,,2
200 block Edwards Av S,,,,2,,,,2
200 block Franklin St S,1,,,1,,,,2
200 block Geddes Sq S,,,,,,,1,1
200 block Geddes St S,,,,1,,,,1
200 block Midler Av S,,,1,,,,,1
200 block Salina St S,,,1,5,,,,6
200 block State St S,,,,,,1,,1
200 block Warren St S,,,,6,,1,,7
200 block Sabine St,1,,,2,,,,3
200 block Scotholm Blvd,,,,1,,,,1
200 block Scottholm Blvd,,,1,,,,,1
200 block Scottholm Ter,,,,1,,,,1
200 block Searlwyn Rd,,,,1,,,,1
200 block Second North St,,,1,,,,,1
200 block Sedgwick Dr,,,,1,,,,1
200 block Sedgwick St,,,2,,,,,2
200 block Seneca Dr,,,4,1,,,,5
200 block Seneca St,,,1,,,1,,2
200 block Seventh North St,,,,1,,,,1
200 block Seward St,2,,,,,,,2
200 block Shonnard St,1,,,,,,1,2
200 block Shotwell Pk,,,,1,,,,1
200 block Slocum Av,,,,,,1,,1
200 block Solar St,,,,1,,,,1
200 block Stafford Av,,,2,,,,,2
200 block State Fair Blvd,,,,,,,1,1
200 block Strathmore Dr,,,2,,,,,2
200 block Strong Av,,,,1,,,,1
200 block Sunrise Dr,,,,2,,,,2
200 block Sunstruck Dr,,,,1,,,,1
200 block Taft Av,,,1,1,,1,,3
200 block Teall Av,,,,1,,,,1
200 block Tennyson Av,,,1,1,,,,2
200 block Tompkins St,,,,1,,,,1
200 block Towers Ln,1,,,,,,,1
200 block Ulster St,,,,,,1,,1
200 block Union Av,,,1,,,,,1
200 block Union Pl,,,,1,,,,1
200 block Valley Dr,,,,2,,,,2
200 block Van Buren St,,,,3,,,,3
200 block Vann St,,,1,1,,,,2
200 block Village Dr,,,1,2,,,1,4
200 block Beard Av W,,,1,,,,,1
200 block Borden Av W,,,,1,,,,1
200 block Brighton Av W,1,,,3,,1,,5
200 block Calthrop Av W,,,1,,,,1,2
200 block Colvin St W,1,,,1,,,,2
200 block Corning Av W,,,,2,,,1,3
200 block Division St W,,,,1,,,,1
200 block Fayette St W,,,,5,,,,5
200 block Genesee St W,,,,2,,1,2,5
200 block Glen Av W,1,,,,,,,1
200 block Jefferson St W,,,,8,,2,,10
200 block Kennedy Ter W,,,,1,,,,1
200 block Lafayette Av W,,,,2,,,,2
200 block Marcellus St W,,,1,,,,,1
200 block Matson Av W,,,,3,,,,3
200 block Newell St W,,,,2,,2,,4
200 block Ostrander Av W,,,2,1,,,,3
200 block Seneca Tpke W,,,2,,,,,2
200 block Water St W,,,,1,,,,1
200 block Willow St W,,,,1,,,,1
200 block Wainwright Av,,,1,,,,,1
200 block Wall St,,,,1,,,,1
200 block Walton St,,,,5,,,,5
200 block Warham St,,,,2,,,,2
200 block Warner Av,1,,1,,,,,2
200 block Washington Sq,1,,,2,,,,3
200 block Webster Av,,,,,,,1,1
200 block Wendell Ter,,,1,,,,,1
200 block Westminster Av,,,,,,,1,1
200 block Westmoreland Av,2,,,1,,,,3
200 block Westwood Rd,,,,1,,,,1
200 block Whitwell Dr,,,,1,,,,1
200 block Wilkinson St,,,2,4,,,1,7
200 block Willumae Dr,,,,1,,,,1
200 block Wilson St,,,1,,,,,1
200 block Wolf St,1,,,2,,,,3
200 block Woodbine Av,,,,1,,,,1
200 block Woodlawn Ter,,,1,,,,,1
200 block Woodruff Av,1,,,,,,,1
200 block Wyoming St,,,1,,,2,,3
2000 block Bellevue Av,1,,,1,,,,2
2000 block Colvin St E,,,,1,,,,1
2000 block Fayette St E,3,,1,6,,1,,11
2000 block Genesee St E,,,3,,,,,3
2000 block Erie Blvd E,,,,5,,,,5
2000 block Grant Blvd,,,,,,1,,1
2000 block James St,,,,1,,,,1
2000 block Lodi St,2,,1,1,,,1,5
2000 block Park St,1,,,5,,1,,7
2000 block Salina St S,1,,3,1,,,,5
2000 block South Av,1,,,,,,,1
2000 block Teall Av,,,,,,1,,1
2100 block Fayette St E,1,,2,,1,1,,5
2100 block Genesee St E,,,1,,,,,1
2100 block Erie Blvd E,,,2,1,,,,3
2100 block Grant Blvd,,,1,,,,1,2
2100 block Midland Av,,,1,,,,,1
2100 block Park St,,,4,2,,,,6
2100 block Geddes St S,,,,1,,,,1
2100 block Salina St S,,,,2,,,,2
2100 block State St S,1,,,1,,,,2
2200 block Fayette St E,,,,1,,,,1
2200 block Genesee St E,1,,,,,,,1
2200 block Erie Blvd E,,,1,,,,,1
2200 block Lodi St,,,,,,1,,1
2200 block Midland Av,1,,,,,,,1
2200 block Salina St S,,,,1,,1,,2
2200 block Valley Dr,,,,1,,,1,2
2300 block Burnet Av,,,1,,,,,1
2300 block Fayette St E,1,,,,,,2,3
2300 block Genesee St E,,,1,1,,,,2
2300 block Erie Blvd E,,,,1,,,,1
2300 block Grant Blvd,1,,,1,,,,2
2300 block James St,,,,1,,,,1
2300 block Lodi St,,1,,1,,,,2
2300 block Midland Av,1,,2,,,,,3
2300 block State St S,,,1,,,,,1
2400 block Genesee St E,1,,,,,,,1
2400 block Erie Blvd E,,,,1,,,,1
2400 block Grant Blvd,1,1,,4,,,,6
2400 block James St,1,,,5,,3,,9
2400 block Lodi St,,1,,1,,1,1,4
2400 block Midland Av,,,1,,,,1,2
2400 block Salina St S,2,,,1,,,,3
2400 block South Av,,1,,,,,,1
2400 block South Ave,,1,,,,,,1
2500 block Bellevue Av,,,1,,,,,1
2500 block Erie Blvd E,,,1,27,,,,28
2500 block James St,,,,4,,,,4
2500 block Lodi St,,,1,,,,,1
2500 block Valley Dr,,,3,,,,,3
2600 block Burnet Av,,,,1,,,2,3
2600 block Fayette St E,,,,,,,1,1
2600 block Genesee St E,,,1,,,,,1
2600 block Erie Blvd,,,,,,1,,1
2600 block Erie Blvd E,1,,2,7,,,,10
2600 block Lodi St,,,,1,,,1,2
2600 block Midland Av,,,2,,,1,,3
2600 block Salina St S,,,3,1,,1,,5
2700 block Burnet Av,,,,1,,,,1
2700 block Erie Blvd E,,,2,5,,,,7
2700 block James St,3,,2,2,,1,,8
2700 block Lodi St,,,,2,,,,2
2700 block Midland Av,1,,,,,,,1
2800 block Burnet Av,,,1,,,,,1
2800 block Genesee St E,,,1,1,,,,2
2800 block Erie Blvd E,,,2,1,,,,3
2800 block James St,,,,1,,,,1
2800 block Salina St S,,,1,2,,,,3
2900 block Burnet Av,,,1,,,,,1
2900 block Genesee St E,,,1,3,,,,4
2900 block Erie Blvd,,,,1,,,,1
2900 block Erie Blvd E,,,3,5,,,,8
2900 block James St,,,,8,,1,,9
2900 block Salina St S,1,,1,1,,,,3
300 block Allen St,,,,6,,,2,8
300 block Apple St,,,1,1,,,,2
300 block Arlington Av,,,1,,,,,1
300 block Arthur St,,,1,,,,,1
300 block Ash St,,,,3,,,,3
300 block Ashdale Av,,,1,,,,,1
300 block Audobon Pkwy,,,,1,,,,1
300 block Audubon Pkwy,,,,3,,,1,4
300 block Avery Av,,,,2,,,,2
300 block Baker Av,1,,1,,,,,2
300 block Ballantyne Rd,,,,,,,1,1
300 block Barrington Rd,,,1,1,,,,2
300 block Basin St,,,2,,,,,2
300 block Bear St,,,1,2,,,,3
300 block Beattie St,,,,1,,,,1
300 block Beecher St,,,,1,,,,1
300 block Bellevue Av,,,,,,,1,1
300 block Broad St,,,1,,,,,1
300 block Bruce St,2,,,,,,,2
300 block Bryant Av,,,,,,,1,1
300 block Buckingham Av,,,1,1,,,,2
300 block Burdick Av,,,1,1,,,,2
300 block Burnet Av,,,,1,,,,1
300 block Burt St,,,1,2,,1,,4
300 block Butternut St,,,1,,,,,1
300 block Cannon St,4,,,1,,,,5
300 block Carbon St,,,1,2,,,,3
300 block Catherine St,,,2,4,,,,6
300 block Cayuga St,,,1,,,,,1
300 block Clairmonte Av,,,,6,,,,6
300 block Cleveland Av,,,1,,,,,1
300 block Columbus Av,1,,1,2,,,,4
300 block Comstock Av,,,1,2,,,,3
300 block Coolidge Av,1,,,,,,1,2
300 block Cortland Av,,,2,,,,,2
300 block Court St,6,,4,1,,2,1,14
300 block Craddock St,,,,,,,1,1
300 block Craig St,,,1,1,,,,2
300 block Crawford Av,,,1,,,,,1
300 block Crossett St,2,,,,,,,2
300 block Darlington Rd,,,,,,,1,1
300 block Delaware St,,,,1,,,,1
300 block Dewitt St,,,1,,,,,1
300 block Durston Av,,,,1,,,,1
300 block Brighton Av E,,,2,1,,,,3
300 block Division St E,,,1,,,,,1
300 block Fayette St E,,,,1,,,,1
300 block Florence Av E,,,1,1,,,,2
300 block Onondaga St E,1,,,1,,,,2
300 block Washington St E,,,,1,,,,1
300 block Willow St E,,,,1,,,,1
300 block Elm St,1,,2,2,,2,1,8
300 block Erie Blvd E,1,,,,,,,1
300 block Erie St,,,3,,,,,3
300 block Essex St,,,1,,,,,1
300 block Euclid Av,,,,4,,,,4
300 block Eureka St,,,,1,,,,1
300 block Fabius St,,,1,1,,,1,3
300 block Fayette Blvd,,,,1,,,,1
300 block Fellows Av,,,,2,,,,2
300 block Ferndale Dr,,,1,,,,,1
300 block First North St,,,2,,,,,2
300 block Fitch St,2,,,,,,,2
300 block Forest Hill Dr,,,,1,,,,1
300 block Furman St,,,2,3,,,,5
300 block Garfield Av,,,1,,,,,1
300 block Genesee Park Dr,,,1,,,,,1
300 block Gertrude St,,,,2,,1,,3
300 block Gertude St,,,1,,,,,1
300 block Gifford St,,,,1,,,,1
300 block Glenwood Av,,,,1,,,,1
300 block Goodrich Av,,,1,,,,,1
300 block Grant Av,,,1,1,,,,2
300 block Green St,2,,,,,,3,5
300 block Greenwood Pl,,,,1,,,,1
300 block Griffiths St,,,,2,,,,2
300 block Hamilton St,1,,,2,,,,3
300 block Hartson St,,,,1,,,,1
300 block Hawley Av,,,,4,,,,4
300 block Hazelhurst Av,,,,1,,,,1
300 block Helen St,,,,2,,,,2
300 block Herbert St,,,1,1,,,,2
300 block Herkimer St,,,,1,,,,1
300 block Hiawatha Blvd,,,,,,,1,1
300 block Hiawatha Blvd W,,,,2,,,,2
300 block Hickok Av,,,,1,,,,1
300 block Highland Av,,,,1,,,1,2
300 block Highland St,1,,,,,,,1
300 block Hillsdale Av,,,1,1,,,,2
300 block Hixson Av,,,1,1,,,,2
300 block Hood Av,1,,,,,,,1
300 block Hudson St,1,,4,1,,,,6
300 block Jamesville Av,1,,1,3,,,,5
300 block John St,,,,1,,,1,2
300 block Kellogg St,1,,2,2,,,,5
300 block Kenwood Av,,,,1,,,,1
300 block Kimber Rd,,,,2,,,,2
300 block Kinne St,,,,1,,,,1
300 block Knaul St,,,,1,,,,1
300 block Kramer Dr,,,3,,,,,3
300 block Lemoyne Av,1,,,,,1,,2
300 block Lennox Av,,,1,,,,,1
300 block Lewis St,,,1,1,,,,2
300 block Lewiston Dr,,,,2,,,,2
300 block Lexington Av,,,,4,,,,4
300 block Lillian Av,,,1,1,,,,2
300 block Loma Av,,,,1,,,,1
300 block Lynch Av,,,,1,,,,1
300 block Mains Av,,,1,,,,,1
300 block Marcellus St,,,,1,,,,1
300 block Marguerite Av,2,,,,,,,2
300 block Marshall St,,,,1,,,,1
300 block Martin Luther King   W,,,1,,,,,1
300 block Melrose Av,,,1,,,,,1
300 block Merriman Av,1,,1,1,1,2,,6
300 block Merritt Av,,,,1,,,,1
300 block Mertens Av,,,,1,,,,1
300 block Midland Av,,,1,,,1,,2
300 block Milburn Dr,,,1,,,,,1
300 block Montgomery St,,,2,8,,1,,11
300 block Mount Olympus Dr,,,1,,,,,1
300 block Mountainview Av,,,,1,,,,1
300 block Myrtle St,,,,,,,1,1
300 block Beech St N,1,,1,,,,,2
300 block Clinton St N,,,,6,,,,6
300 block Collingwood Av N,,,,1,,,,1
300 block Crouse Av N,,,,2,,,,2
300 block Mcbride St N,,,,,,,1,1
300 block Midler Av N,,1,4,6,,1,1,13
300 block Salina St N,,,2,4,1,1,,8
300 block Nichols Av,,,,1,,,,1
300 block North Av,1,,,1,,,,2
300 block Nottingham Rd,,,,,,1,,1
300 block Oak St,,,1,3,,,,4
300 block Oakwood Av,,,1,1,,,,2
300 block Oneida St,,,,1,,,,1
300 block Onondaga Av,,,,3,,,,3
300 block Ostrom Av,,,3,8,,,1,12
300 block Ostrum Av,,,,1,,,,1
300 block Oswego St,,,,3,,,,3
300 block Otisco St,1,,,,,,,1
300 block Overlook Dr,,,1,,,,,1
300 block Pacific Av,,,,,,,1,1
300 block Park St,,,1,,,,1,2
300 block Pine St,,,,1,,,,1
300 block Plymouth Dr,,,1,,,,,1
300 block Pond St,1,,,,,,1,2
300 block Prospect Av,8,,1,9,,3,,21
300 block Pulaski St,,,1,1,,,,2
300 block Putnam St,2,,,,,1,,3
300 block Renwick Av,,,,1,,,,1
300 block Rich St,1,1,1,,,,,3
300 block Richmond Av,,,4,1,,,,5
300 block Riegal St,,,1,,,,,1
300 block Riegel St,,,1,,,,,1
300 block Rill Av,,,1,,,,,1
300 block Robinson St,1,,,1,,,,2
300 block Rowland St,,,,1,,,,1
300 block Alvord St S S,2,,3,,,,,5
300 block Beech St S,,,1,3,,,,4
300 block Clinton St S,,,1,4,,,1,6
300 block Collingwood Av S,1,,,1,,,,2
300 block Crouse Av S,,,,3,,,,3
300 block Edwards Av S,,,,,,,1,1
300 block Franklin St S,,,,3,,,,3
300 block Geddes St S,1,1,,1,,1,1,5
300 block Lowell Av S,,,1,,,,,1
300 block Midler Av S,,,1,,,,,1
300 block Salina St S,1,,1,15,,2,,19
300 block State St S,,,,1,,,,1
300 block Warren St S,,,2,7,,,,9
300 block Salt Springs Rd,,,,1,,,,1
300 block Sand St,,,,1,,,,1
300 block Schuyler St,,,,1,,,,1
300 block Seneca St,,,1,,,,,1
300 block Seward St,,,,,,1,,1
300 block Seymour St,1,,1,1,,,,3
300 block Sherwood Av,,,,1,,,,1
300 block Shonnard St,,,1,1,,,,2
300 block Shuart Av,,,1,,,,,1
300 block Small Rd,,,1,1,,,,2
300 block South Av,2,,,1,,,1,4
300 block Spencer St,,,3,,,,1,4
300 block Spring St,,,1,1,,,,2
300 block Springfield Rd,,,1,,,,,1
300 block Stadium Pl,,,,1,,,,1
300 block Stafford Av,,,1,1,,,,2
300 block Sterling Av,1,1,,,,,,2
300 block Sunset Av,1,,,1,,,,2
300 block Taft Av,1,,2,,,,,3
300 block Tennyson Av,,,2,1,,,,3
300 block Tioga St,1,,,,,,,1
300 block Tracy St,,,,1,,,,1
300 block Tully St,1,,2,1,,,,4
300 block University Pl,,,,1,,,,1
300 block Valley Dr,1,,2,1,,,,4
300 block Vann St,,,,,,,1,1
300 block Village Dr,,,1,2,,,,3
300 block Vincent St,,,,1,,,,1
300 block Beard Av W,2,,,,,,,2
300 block Brighton Av W,1,,,1,,,,2
300 block Calthrop Av W,,,,1,,,,1
300 block Colvin St W,,,1,2,,,,3
300 block Fayette Blvd W,,,,1,,,,1
300 block Fayette St W,1,,3,4,,,,8
300 block Genesee St W,1,,,1,,,,2
300 block Hiawatha Blvd W,,,,1,,,,1
300 block Jefferson St W,,1,,,,,,1
300 block Kennedy St W,4,,3,1,,1,1,10
300 block Kirkpatrick St W,,,,1,,,,1
300 block Lafayette Av W,1,,1,1,,,,3
300 block Newell St W,1,,,2,,,,3
300 block Onondaga St W,1,,1,4,,,,6
300 block Ostrander Av W,,,1,1,,,,2
300 block Pleasant Av W,1,,1,,,,,2
300 block Washington St W,,,,3,,,,3
300 block Water St W,,,,6,,,,6
300 block Wainwright Av,,,,1,,,,1
300 block Walnut Pl,,,,1,,,,1
300 block Warner Av,,,,3,,,,3
300 block Waverly Av,,,,1,,,,1
300 block Webster St,,,1,,,,,1
300 block Westcott St,1,,3,1,,,,5
300 block Whittier Av,1,,,1,,,,2
300 block Wilkinson St,,,1,1,,,1,3
300 block Willumae Dr,,,1,,,,,1
300 block Wilson St,,,1,,,,,1
300 block Winton St,1,,,,,,,1
300 block Wodbine Av,,,1,,,,,1
300 block Woodbine Av,,,1,,,,,1
300 block Woodruff Av,,,,,,,1,1
3000 block Erie Blvd E,,,,2,,,,2
3000 block Genesee St E,,,,1,,,,1
3000 block Erie Blvd,,,,2,,,,2
3000 block Erie Blvd E,,,1,2,,,,3
3000 block James St,,,1,4,,,,5
3000 block Midland Av,1,,1,,,,,2
3100 block Brighton Pl,,,,1,,,,1
3100 block Brighton Av E,,,,1,,,,1
3100 block Genesee St E,,,,3,,,1,4
3100 block Erie Blvd E,1,,,,,,,1
3100 block James St,,,1,2,,,,3
3100 block Salina St S,,,,,,,1,1
3200 block Brighton Pl,,,,1,,,,1
3200 block James St,,,,1,,,,1
3200 block Salina St S,,,1,4,,1,2,8
3300 block Burnet Av,,,2,,,,,2
3300 block Genesee St E,,,,1,,,,1
3300 block James St,,,,2,,,1,3
3300 block Midland Av,,,,1,,,,1
3400 block Burnet Av,,,,4,,,,4
3400 block James St,,,,2,,,,2
3400 block Salina St S,,1,1,,,,,2
3500 block James St,,,1,,,,,1
3500 block Salina St S,,,1,2,,1,,4
3500 block Genesee St W,,,,1,,,,1
3600 block James St,,,,1,,,,1
3600 block Midland Av,,,,,,1,,1
3600 block Salina St S,1,,,,,,,1
3700 block Midland Av,,,1,,,,,1
3700 block Salina St S,,,,1,,,,1
3800 block Genesee St E E,,,,1,,,,1
3800 block Salina St S,,,1,5,,1,,7
3900 block Salina St S,,,1,1,,,,2
400 block Allen St,,,1,1,,,,2
400 block Arthur St,1,,,1,,,1,3
400 block Ash St,,,3,2,,,1,6
400 block Avery Av,1,,,,,,,1
400 block Bear St,1,,1,,,,,2
400 block Beattie St,,,,1,,,,1
400 block Bellevue Av,2,,,,,1,,3
400 block Boyden St,,,1,1,,,1,3
400 block Bradley St,,,,1,,,,1
400 block Brattle Rd,,,,4,,,,4
400 block Brookford Rd,,,2,,,,,2
400 block Bryant Av,,,,1,,,,1
400 block Buckingham Av,,,1,1,,,,2
400 block Burnet Av,1,,,1,,,1,3
400 block Burns Av,,,2,,,,1,3
400 block Butternut St,2,,2,40,,1,,45
400 block Carbon St,,,2,1,,,,3
400 block Cayuga St,,,2,1,,,,3
400 block Chemung St,,,1,1,,,,2
400 block Clarence Av,,,1,,,,,1
400 block Columbus Av,,,,1,,,,1
400 block Comstock Av,,,,1,,,,1
400 block Cortland Av,,,,,,,1,1
400 block Craddock St,,,,1,,,,1
400 block Craig St,1,,,1,,,,2
400 block Crawford Av,,,,2,,,,2
400 block Danforth St,1,,,,,,,1
400 block Delaware St,1,1,,1,,2,1,6
400 block Dewitt St,,,,,,1,1,2
400 block Douglas St,,,1,,,,,1
400 block Dudley St,,,1,,,1,1,3
400 block Durston Av,,,,,,1,,1
400 block Brighton Av E,,,,1,,,,1
400 block Division St E,1,,,1,,,1,3
400 block Fayette St E,,,,,,,1,1
400 block Genesee Pkwy E,,,,1,,,,1
400 block Raynor Av E,,,,1,,1,,2
400 block Washington St E,,,1,,,,,1
400 block Electronics Pkwy,,,,1,,,,1
400 block Elliott St,,,,1,,,1,2
400 block Ellis St,,,,2,,,,2
400 block Elm St,,,1,,,,1,2
400 block Emerson Av,,,,1,,,,1
400 block Erie Blvd E,,,,2,,3,,5
400 block Erie St,,,,1,,,,1
400 block Euclid Av,,,,4,,,,4
400 block Fabius St,1,,,2,,1,,4
400 block Fellows Av,,,,1,,,,1
400 block Fitch St,,,1,,,,,1
400 block Gifford St,1,,,1,,3,1,6
400 block Grant Av,1,,,,,,,1
400 block Grant Blvd,,,,2,,,,2
400 block Graves St,,,1,,,,,1
400 block Griffiths St,,,,1,,1,,2
400 block Hamilton St,,,,1,,,,1
400 block Harrison St,,,,3,,,,3
400 block Harwood Av,1,,,,,,,1
400 block Hawley Av,1,,,2,,,,3
400 block Helen St,,,,1,,,,1
400 block Hickock Av,,,1,,,,,1
400 block Hickok Av,,,,1,,,,1
400 block Highland St,,,,,,1,,1
400 block Hixson Av,,,1,1,,,,2
400 block Irving Av,,,,1,,,,1
400 block James St,5,,,10,,1,,16
400 block Kimber Rd,,,,1,,,1,2
400 block Kirk Av,,,,,,1,,1
400 block Kirkpatrick St,2,,5,,,,,7
400 block Lillian Av,,,1,2,,1,1,5
400 block Marshall St,,,2,,,,,2
400 block Merriman Av,1,,1,1,,,,3
400 block Midland Av,1,,,2,,,,3
400 block Montgomery St,,,,2,,,,2
400 block Monticello Dr  N,,,,1,,,,1
400 block Franklin St N,,,,2,,,,2
400 block Salina St N,1,,2,,,,,3
400 block Oak St,,,1,,,,,1
400 block Onondaga Av,,,,1,,,,1
400 block Oswego St,,,,1,,,,1
400 block Otisco St,,,,,,,1,1
400 block Park St,,,1,,,,,1
400 block Pleasantview Av,,,,1,,,,1
400 block Pond St,,,,2,,,1,3
400 block Rich St,,1,,3,,,1,5
400 block Richmond Av,,,,1,,,,1
400 block Ridgewood Dr,,,,1,,,,1
400 block Roberts Av,,,,3,,,,3
400 block Robineau Rd,,,,1,,,,1
400 block Roosevelt Av,,,2,1,,,,3
400 block Rugby Rd,,,,1,,,,1
400 block Alvord St S,2,,,6,,,,8
400 block Beech St S,1,,3,1,,,1,6
400 block Clinton St S,,,1,11,,,,12
400 block Edwards Av S,1,,,1,,,,2
400 block Franklin St S,,,,1,,,,1
400 block Midler Av S,2,,,,,,,2
400 block Salina St S,1,,3,18,,1,2,25
400 block Ssalina St S,,,,1,,,,1
400 block Warren St S,,,,2,,,,2
400 block Seymour St,,,,1,,,,1
400 block Shonnard St,1,,1,,1,1,,4
400 block Smith St,1,1,,,,,,2
400 block Snyder Av,,,,1,,,,1
400 block Solar St,,,,1,,,,1
400 block South Av,,,,1,,,1,2
400 block Spencer St,,,,1,,,,1
400 block Stafford Av,,,,1,,,,1
400 block State Fair Blvd,,,,1,,,,1
400 block Sterling Av,,,,1,,,,1
400 block Stinard Av,,,,1,,,,1
400 block Stolp Av,,,,1,,,,1
400 block Sunset Av,,1,,,,,,1
400 block Temple St,1,,,,,,,1
400 block Tennyson Av,,,,1,,,,1
400 block Thurber St,,,,1,,,,1
400 block Tompkins St,1,,2,,,,,3
400 block Tully St,,,,,,1,,1
400 block Turtle St,,,1,,,,,1
400 block Ulster St,,,1,,,,,1
400 block Union Pl,,,1,2,,1,,4
400 block University Av,1,,,5,,,,6
400 block University Pl,,,1,,,,,1
400 block Valley Dr,,,1,1,,,1,3
400 block Velasko Rd,,,,1,,,,1
400 block Village Dr,,,,1,,,,1
400 block Colvin St W,,,1,,,,,1
400 block Division St W,,,,4,,,,4
400 block Lafayette Av W,,,2,,,,,2
400 block Newell St W,1,,,,,,,1
400 block Onondaga St W,,,2,6,,3,,11
400 block Ostrander Av W,,,,3,,,,3
400 block Seneca Tpke W,1,,2,3,,1,1,8
400 block Westcott St,,,2,2,,,,4
400 block Westmoreland Av,,,1,2,,,,3
400 block Whittier Av,,,1,,,,,1
400 block Wilkinson St,1,,1,1,,,,3
400 block Willis Av,,,1,,,,,1
400 block Wolf St,,,,,,,1,1
400 block Wyoming St,,,,1,,,,1
4000 block Salina St S,,,,7,,,,7
4100 block Brighton Pl,,,,1,,,,1
4100 block Genesee St E,,,,3,,,,3
4100 block Salina St S,,,3,48,,1,,52
4200 block Salina St S,,,,1,,,,1
4300 block Salina St S,,,,2,,,,2
4400 block Salina St S,1,,4,1,,,,6
4500 block Salina St S,,,,1,,,,1
4600 block Salina St S,1,,2,,,,,3
4600 block Onondaga Blvd W,,,,1,,,,1
4700 block Onondaga Blvd,,,,30,,,,30
4700 block Salina St,,1,2,1,,,,4
4800 block Salina St,,,,5,,,1,6
4900 block Broad Rd,3,,,,,,,3
500 block Allen St,,,2,1,,,,3
500 block Avery Av,2,,,,,,1,3
500 block Beattie St,,,,1,,,,1
500 block Boyden St,,,,1,,,,1
500 block Brattle Rd,,,,1,,,,1
500 block Bryant Av,,,,3,,,,3
500 block Burnet Av,,,1,,,,1,2
500 block Burt St,,,,1,,,,1
500 block Butternut St,1,,,18,,3,2,24
500 block Carbon St,,,2,2,,,,4
500 block Catherine St,,,1,1,,,,2
500 block Clarendon St,,,1,1,,,1,3
500 block Columbus Av,,,,1,,,,1
500 block Comstock Av,1,,,,,,,1
500 block Cortland Av,,,,,,,1,1
500 block Court St,,,,2,,,1,3
500 block Crossett St,,,,1,,,,1
500 block Cumberland Av,,,2,,,,,2
500 block Delaware St,1,,1,3,,1,,6
500 block Dudley St,,,1,,,,,1
500 block Durston Av,,,1,1,,,,2
500 block Brighton Av E,,,,,,,1,1
500 block Genesee St E,,,,,,,1,1
500 block Willow St E,1,,1,,,,,2
500 block Emerson Av,1,,1,,,,,2
500 block Erie Blvd E,,,,1,,,,1
500 block Erie Blvd W,,,,5,,,,5
500 block Euclid Av,,,,5,,,,5
500 block Fabius St,,1,,,,,,1
500 block Garfield Av,1,,,,,,,1
500 block Gifford St,,,1,2,1,,,4
500 block Grand Av,,,1,,,,,1
500 block Hamilton St,,,,,,,1,1
500 block Hawley Av,,,,,,1,,1
500 block Helen St,1,,,,,,,1
500 block Herkimer St,,,,1,,,,1
500 block Highland St,2,,2,1,,,,5
500 block Hixson Av,,,,1,,,,1
500 block Ivy Ridge Rd,,,,1,,,,1
500 block James St,,,,2,,1,,3
500 block Jamesville Av,,,,1,,,,1
500 block Kirkpatrick St,,,5,,,,,5
500 block Lemoyne Av,,,,1,,,,1
500 block Lynch Av,,,,2,,,,2
500 block Marcellus St,,,1,,,,,1
500 block Meadowbrook Dr,,,,1,,,,1
500 block Montgomery St,,,1,2,,,,3
500 block Myrtle St,,,1,,,,,1
500 block Salina St N,,,,3,,,,3
500 block Townsend St N,,,,1,,,,1
500 block Northcliffe Rd,,,1,,,,,1
500 block Nottingham Rd,,,2,1,,,,3
500 block Oak St,,,,1,,,,1
500 block Oakwood Av,1,,1,,,1,,3
500 block Park Av,,,,1,,,,1
500 block Park St,,,1,2,,1,,4
500 block Plum St,,,,2,,,,2
500 block Plymouth Dr,,,,1,,,,1
500 block Pond St,1,,,1,,,,2
500 block Prospect Av,,,1,,,,,1
500 block Richmond Av,1,,1,2,,,,4
500 block Robeneau Rd,,,,1,,,,1
500 block Rowland St,,,,1,,,,1
500 block Beech St S,,,1,,,,,1
500 block Clinton St S,5,,3,12,,2,2,24
500 block Crouse Av S,,1,,1,,,,2
500 block Franklin St S,,,,3,,,,3
500 block Salina St S,3,1,1,14,,1,1,21
500 block State St S,3,,1,22,,2,10,38
500 block Townsend St S,,,,1,,,,1
500 block West St S,,,,1,,,,1
500 block Seymour St,,,1,,,,,1
500 block Solar St,,,,2,,,,2
500 block South Av,,,,1,,,,1
500 block Spring St,,,,1,,,,1
500 block State Fair Blvd,,,,1,,,,1
500 block Stinard Av,,,,1,,,,1
500 block Stolp Av,,,,,,,1,1
500 block Summit Av,,,,1,,,,1
500 block Talman St,,,1,,,,,1
500 block Teall Av,,,,1,,,,1
500 block Tennyson Av,,,,1,,,1,2
500 block Tompkins St,,,,1,,,,1
500 block Turtle St,,,,1,,,,1
500 block Ulster St,,,2,1,,,,3
500 block University Av,,,2,2,,,1,5
500 block University Pl,,,,1,,,,1
500 block Valley Dr,,,,3,,,1,4
500 block Vine St,,,,1,,,,1
500 block Brighton Av W,1,1,1,1,,,,4
500 block Colvin St W,,,,,,1,,1
500 block Erie Blvd W,,,,1,,,,1
500 block Newell St W,,,,1,,,1,2
500 block Onondaga Av W,,,,,,1,,1
500 block Onondaga St W,,,,5,,,,5
500 block Ostrander Av W,,,,1,,,,1
500 block Seneca Tpke W,,,1,1,,,,2
500 block Wadsworth St,,,,1,,,,1
500 block Walnut Av,,,,4,,,,4
500 block Wescott St,,,,1,,,,1
500 block Westcott St,,,,2,,,1,3
500 block Westmoreland Av,,,1,,,,,1
500 block Whittier Av,2,,,,,,,2
500 block Wolcott Av,,,,1,,,,1
500 block Wolf St,4,,,2,,,,6
500 block Wyoming St,,,,,,1,,1
5200 block Salina St S,,,,1,,,,1
5400 block Salina St S,1,,,,,,,1
5500 block Salina St S,,,1,,,,,1
5800 block Salina St S,,,,,,1,,1
600 block Ackerman Av,,,1,1,,,,2
600 block Ash St,,,,1,,,,1
600 block Atlantic Av,,,1,,,,,1
600 block Barnes Av,,,1,,,,1,2
600 block Bear St,,,1,,,,,1
600 block Bellevue Av,,,1,,,,,1
600 block Berwick Rd,,,,1,,,,1
600 block Burnet Av,,,1,1,,,,2
600 block Butternut St,,,1,14,,1,,16
600 block Cadillac St,,,,,,,1,1
600 block Cannon St,1,,1,,,,,2
600 block Carbon St,,,1,3,,,,4
600 block Catherine St,,,4,1,,,2,7
600 block Comstock Av,,,,,,1,,1
600 block Court St,,,2,,,,,2
600 block Dewitt St,,,,1,,,,1
600 block Division St E,1,,5,3,,,,9
600 block Genesee St E,,,,1,,,,1
600 block Seneca Tpke E,,,,3,,,1,4
600 block Willow St E,,,,,,1,,1
600 block Erie Blvd W,,,1,1,,,,2
600 block Euclid Av,,,,4,,,,4
600 block Gifford St,1,,2,1,,,1,5
600 block Hamilton St,,,,1,,,,1
600 block Helen St,,,,2,,,,2
600 block Hiawatha Blvd,,,,1,,,,1
600 block Hiawatha Blvd W,,,,1,,1,1,3
600 block Highland St,1,,1,,,,2,4
600 block James St,,,1,7,,,1,9
600 block John St,,,,,,1,,1
600 block Kirkpatrick St,,,,1,,,,1
600 block Lemoyne Av,1,,1,,,,,2
600 block Lodi St,1,,,,,,,1
600 block Mountainview Av,,,,1,,,,1
600 block Geddes St N,,,1,,,,,1
600 block Mcbride St N,1,,,1,,,1,3
600 block Salina St N,1,,3,4,,1,,9
600 block State St N,1,,,,,,,1
600 block Townsend St N,,,,1,,,,1
600 block Oak St,1,,,,,,,1
600 block Oneida St,1,,,,,,,1
600 block Oswego St,1,,,,,,,1
600 block Otisco St,1,,,,,,,1
600 block Park Av,,,,4,,,,4
600 block Park St,,,,1,,,,1
600 block Pond St,1,,,,,1,,2
600 block Richmond Av,,,,1,,,,1
600 block Robinson St,2,2,,4,,,,8
600 block Beech St S,,,1,,,,,1
600 block Clinton St S,,,,,,1,,1
600 block Crouse Av S,,,1,3,,,,4
600 block Geddes St S,3,,1,4,,1,,9
600 block Salina St S,,,,2,,,,2
600 block State St S,,,,1,,,,1
600 block West St S,,,,1,,1,,2
600 block Salisbury Park Dr,,,,1,,,,1
600 block Salt Springs Rd,,,,1,,,,1
600 block Schuyler St,,,,1,,,,1
600 block Scoville Av,,,1,,,,,1
600 block Second North St,,,1,,,,,1
600 block Sedgwick Dr,,,,1,,,,1
600 block Seymour St,,,,1,,,,1
600 block South Av,,,1,2,,,1,4
600 block Teall Av,2,,,,,,,2
600 block Tompkins St,,,,1,,1,,2
600 block Tully St,,,1,,,,1,2
600 block Turtle St,2,,1,,,,,3
600 block Ulster St,,,1,,,,,1
600 block Vine St,,,,,,,1,1
600 block Brighton Av W,,,,1,,,,1
600 block Colvin St W,,,,1,,,,1
600 block Genesee St W,1,,,5,,,1,7
600 block Lafayette Av W,,,,1,,,,1
600 block Newell St W,,,1,1,,,,2
600 block Onondaga St W,1,,4,6,,1,,12
600 block Seneca Tpke W,,,1,,,,,1
600 block Walnut Av,,,3,4,,,,7
600 block Walnut St,,,,1,,,,1
600 block Westmoreland Av,,,1,,,,,1
600 block Wolf St,,,,1,,,,1
700 block 1St North St,,,,2,,,,2
700 block Ackerman Av,,,1,1,,,,2
700 block Allen St,,,,3,,,,3
700 block Ash St,,,1,,,,,1
700 block Avery Av,,,1,,,,,1
700 block Ballantyne Rd,,,,1,,,,1
700 block Bear St,,,,,,,1,1
700 block Burnet Av,1,,,,,,,1
700 block Butternut St,4,,2,6,,4,,16
700 block Carbon St,,,1,,,,,1
700 block Catherine St,1,,1,,,1,,3
700 block Comstock Av,,,1,1,,,,2
700 block Crawford Av,,,,2,,,,2
700 block Danforth St,,,,1,,,,1
700 block Dewitt St,,,1,,,,,1
700 block Adams St E,23,,,3,,3,,29
700 block Brighton Av E,,,,2,,,,2
700 block Colvin St E,,,,1,,,,1
700 block Division St E,,,4,,,,,4
700 block Genesee St E,,,,8,,,,8
700 block Laurel St E,1,,2,1,,,,4
700 block Emerson Av,1,,,1,,,,2
700 block Erie Blvd E,,,,2,,,2,4
700 block Erie Blvd W,,,2,5,,,,7
700 block Euclid Av,,,7,5,,,1,13
700 block First North St,,,6,76,,2,,84
700 block Glenwood Av,,,,1,,,,1
700 block Hamilton St,,,,1,,,,1
700 block Hawley Av,,,2,,,,,2
700 block Hazelwood Av,1,,,,,,,1
700 block Hickory St,2,,1,1,,2,,6
700 block Hixson Av,,,,,,1,,1
700 block Irving Av,4,,,7,,,,11
700 block Ivy Ridge Rd,,,,1,,,,1
700 block James St,8,,3,13,,2,,26
700 block Kirkpatrick St,,,1,2,,1,,4
700 block Lancaster Av,,,4,,,,,4
700 block Lemoyne Av,,,1,,,,,1
700 block Livingston Av,,,1,7,,,,8
700 block Lodi St,,,,3,,,2,5
700 block Marcellus St,,,2,,,,,2
700 block Midland Av,,,,1,,,,1
700 block Milton Av,,,,2,,,,2
700 block Montgomery St,,,,1,,,,1
700 block Alvord St N,2,1,5,,,,1,9
700 block Clinton St N,,,,2,,,,2
700 block Mcbride St N,,,,1,,,,1
700 block Salina St N,2,,1,1,,1,1,6
700 block Townsend St N,,,,1,,,,1
700 block Ostrom Av,,,6,3,,,1,10
700 block Oswego St,,,1,,,,,1
700 block Park Av,3,,3,1,,,,7
700 block Park St,,,,1,,1,,2
700 block Pond St,1,,2,,,,,3
700 block Beech St S,,,,1,,,,1
700 block Crouse Av S,1,,,9,,1,,11
700 block Geddes St S,,,3,,,,1,4
700 block Salina St S,2,,,2,,1,,5
700 block Warren St S,1,,1,,,,,2
700 block West St S,,,,1,,,,1
700 block Salt Springs Rd,,,,,,1,,1
700 block Schuyler St,,,1,1,,,,2
700 block Second North St,,,,1,,,,1
700 block Seeley Rd,,,1,,,,,1
700 block South Av,,,,1,,,,1
700 block Stinard Av,,,,,,,1,1
700 block Stolp Av,,,,1,,,1,2
700 block Sumner Av,,,,3,,,,3
700 block Thurber St,,,,1,,,,1
700 block Tully St,1,,,,,,,1
700 block University Av,,,,3,,,,3
700 block Valley Dr,1,,1,,,1,,3
700 block Van Rensselaer St,,,,,,,1,1
700 block Vanrensselear St,,,,1,,,,1
700 block Adams St W,,,,1,,,,1
700 block Genesee St W,,,1,4,,,,5
700 block Newell St W,,,2,,,,,2
700 block Onondaga St W,,,1,,,,,1
700 block Seneca Tpke W,,,,1,,,,1
700 block Wadsworth St,,,,3,,,,3
700 block Walnut Av,,,,1,,,,1
700 block Westcott St,,,3,2,,1,,6
700 block Westmoreland Av,,,1,1,,,,2
700 block Winkworth Pkwy,,,,1,,,,1
700 block Winton St,,,,1,,,,1
700 block Wolf St,,,,2,,,,2
800 block Ackerman Av,,,1,5,,,,6
800 block Burnet Av,1,,,1,,,1,3
800 block Butternut St,4,,,2,,1,1,8
800 block Cadillac St,,,,1,,,,1
800 block Carbon St,1,,,,,,,1
800 block Comstock Av,,,,1,,,,1
800 block Darlington Rd,,,,1,,,,1
800 block Adams St E,,,,1,,,,1
800 block Brighton Av E,,,,3,,,,3
800 block Division St E,1,,,,,,,1
800 block Genesee St E,,,,,,,1,1
800 block Willow St E,,,,1,,,,1
800 block Emerson Av,,,,2,,,,2
800 block Erie Blvd E,,,,1,,,,1
800 block Erie Blvd W,,,1,7,,,1,9
800 block Euclid Av,,,2,1,,,,3
800 block First North St,1,,,,,,,1
800 block Hawley Av,,,,1,,,,1
800 block Hazelwood Av,,,,1,,,,1
800 block Hiawatha Blvd W,,,1,,,,,1
800 block Highland St,2,1,1,2,,,,6
800 block Ivy Ridge Rd,,,,,,1,,1
800 block James St,,,1,3,,1,,5
800 block Kirkpatrick St,,,3,,,,1,4
800 block Lancaster Av,,,3,3,,,,6
800 block Livingston Av,,,1,2,,,,3
800 block Maryland Av,,,1,,,,,1
800 block Alvord St N,,,2,1,,4,,7
800 block Alvored St N,,,,,,1,,1
800 block Clinton St N,,,,4,,,,4
800 block Geddes St N,,,1,1,,,,2
800 block Mcbride St N,,,,2,,,,2
800 block Salina St N,1,,3,7,,1,,12
800 block State St N,,,,2,,,,2
800 block Townsend Av N,,,,1,,,,1
800 block Townsend St N,,,,,,1,,1
800 block Onondaga Av,1,,1,,,,,2
800 block Ostom Av,1,,,,,,,1
800 block Ostrom Av,,,,1,,,1,2
800 block Park St,1,,1,3,,,,5
800 block Pond St,,,3,,,,,3
800 block Geddes St S,,,1,,,,,1
800 block Salina St S,,,1,,,1,,2
800 block State St S,,,,4,,,,4
800 block Wilbur Av S,1,,,,,,,1
800 block Salt Springs Rd,,,,1,,,,1
800 block South Av,,1,,1,,,,2
800 block Spencer St,,,,1,,,,1
800 block Sumner Av,1,,,3,,,,4
800 block Tallman St,1,,1,,,,,2
800 block Teall Av,,,,2,,,,2
800 block Turtle St,1,,,1,,,,2
800 block University Av,,,,1,,,,1
800 block Valley Dr,,,,3,,,,3
800 block Vanrensselaer St,,,,1,,,,1
800 block Belden Av W,,,,1,,,,1
800 block Colvin St W,,,,1,,,,1
800 block Erie Blvd W,,,,1,,,,1
800 block Fayette St W,,,1,,,,,1
800 block Genesee St W,,,,2,,,,2
800 block Lafayette Av W,1,,,,,,,1
800 block Wadsworth St,1,,,,,,,1
800 block Wolf St,1,,,2,,,,3
900 block Ackerman Av,1,,3,10,,,,14
900 block Avery Av,,,1,1,,,,2
900 block Bellevue Av,2,,1,2,,,,5
900 block Burnet Av,3,,1,2,,,,6
900 block Butternut St,1,,2,1,,,2,6
900 block Canal St,,,,1,,,,1
900 block Comstock Av,,,1,1,,1,,3
900 block Danforth St,,,,,,,1,1
900 block Darlington Rd,,,,1,,,,1
900 block Dewitt St,,,,2,,,,2
900 block Brighton Av E,,,,2,,,,2
900 block Genesee St E,,,,1,,3,,4
900 block Emerson Av,,,2,3,,,,5
900 block Erie Blvd E,,,,,,,1,1
900 block Erie Blvd W,,,,2,,,,2
900 block Euclid Av,,,1,,,,,1
900 block First North St,,,1,1,,,,2
900 block Glencove Rd,,,,1,,,,1
900 block Glenwood Av,2,,,6,,,,8
900 block Harrison St,,,,1,,,,1
900 block Hawley Av,,,1,1,,,,2
900 block Hiawatha Blvd,,,,,,,2,2
900 block Hiawatha Blvd W,,,,3,,,1,4
900 block Highland St,,1,2,1,,2,,6
900 block Irving Av,,,,1,,,,1
900 block James St,1,,2,18,,1,2,24
900 block Jamesville Av,,,1,,,,,1
900 block Kirkpatrick St,,,,2,,,,2
900 block Lancaster Av,,,,3,,,,3
900 block Lemoyne Av,1,,,,,,,1
900 block Midland Av,,,,1,,,,1
900 block Clinton St N,,,1,,,,,1
900 block Mcbride St N,,,,2,,1,,3
900 block Salina St N,,,1,,,1,,2
900 block State St N,,,,1,,,,1
900 block Townsend St N,,,1,2,,,,3
900 block Oak St,,,,1,,,,1
900 block Onondaga Av,1,,,,,,1,2
900 block Park Av,,,,1,,,,1
900 block Park St,,,,,,,1,1
900 block Pond St,,,,2,,,,2
900 block Geddes St S,1,,,,,,,1
900 block Mcbride St S,,,,1,,,,1
900 block Salina St S,1,,1,6,,1,,9
900 block Townsend St S,1,,,,,,,1
900 block Salt Springs Rd,,,,,,,1,1
900 block South Av,1,,1,,,,,2
900 block Spring St,,,2,,,,,2
900 block Tallman St,,,2,,,,,2
900 block Genesee St W,,,,2,,,,2
900 block Lafayette Av W,2,,,,,,,2
900 block Walnut Av,,,,1,,,,1
900 block Westcott St,,,1,2,,,,3
900 block Westmoreland Av,,,1,,,,1,2
900 block Willis Av,2,,,1,,,,3
